,words
0,dalgalı
1,akım
2,badas
3,ibâdat
4,gün
5,dönümü
6,eş
7,yükselti
8,eğrisi
9,bakır
10,tuzu
11,konut
12,dokunulmazlığı
13,serv
14,sekileme
15,çıkartmabaskı
16,içgörü
17,ağır
18,gelmek
19,maksi
20,etek
21,tüzelkişi
22,kara
23,boya
24,ibadethane
25,bugün
26,yarın
27,mezaristan
28,müsemmen
29,mert
30,gayrimalûm
31,varissiz
32,çıkıntılı
33,şekerim!
34,aslında
35,karınlama
36,doyurucu
37,eylemek
38,banker
39,memat
40,semirtilmiş
41,huzurunda
42,gömmek
43,kümültü
44,yüreği
45,ağzına
47,cazbantçı
48,koşuşturmayla
49,parametreleme
50,yarım
51,doğru
52,iskillenmek
53,kapıcılık
54,olunma
55,gölcül
56,kıl
57,yumağı
58,bomba
59,süreğenleşme
60,içi
61,sızlamak
62,tedris
63,baldıranlık
64,közlemek
65,fototaksi
66,öksürtmek
67,aşamcak
68,demirbaştan
69,düşmek
70,sürerlik
71,elden
72,geldiği
73,kadar
74,bedük
75,rahiplik
76,delegasyon
77,devletlû
78,büyütürlük
79,çelikleme
80,kloş
81,süratli
82,köşegen
83,görüşmeci
84,sahtecilik
85,avaraya
86,almak
87,kaleci
88,artma
89,köylük
90,yer
91,canlandırılmak
92,bilir
93,esirkiş
94,mızraklı
95,ilmihâl
96,zahmet
97,kurum
98,satmak
99,dediğin
100,esnaflık
101,boyunca
102,çocuğu
103,olmak
104,okşamalık
105,kılıflamak
106,mukarrer
107,bulunmak
108,satış
109,yapmak
111,kan
112,ağlamak
113,ortalığı
114,birbirine
115,katmak
116,bilahara
117,interaktif
118,pazarlıkçı
119,kuleli
120,kapı
121,uub
122,yanarca
124,olmazsa
125,şaphane
126,görevliler
127,kupe
128,elkab
129,hebenneka
130,bakıcılık
131,ticarî
132,dava
133,tahta
134,pamuk
135,beslenme
136,bozukluğu
137,bölekleşmek
138,böbürtü
139,kelee
140,karelemek
141,cumhuriyet
142,cepten
143,aramak
144,takaza
145,etmek
146,sarartı
147,eritilmek
148,itici
149,yumurtlama
150,horlanış
151,koşamlamak
152,fokurdatma
153,sosyal
154,ilişki
155,arabizasyon
156,loğusa
157,otu
158,kâğıtdutu
159,dramatize
161,bağırtma
162,tekavvüs
163,keven
164,tatlı
165,su
166,frengi
167,yeprem
169,tüketim
170,dalaşmak
171,pazval
172,uç
173,beyliği
174,yükleme
175,hâli
176,hanende
177,beletmek
178,yenilik
179,işletilen
180,uyuşturan
181,balığı
182,kurdurmak
183,sözel
184,koşutlaştırma
185,aklı
186,evvel
187,fahişe
188,yeğlemek
189,helme
190,gibi
191,birincil
192,grup
193,adamsendeci
194,mülehham
195,özne
196,grubu
197,sapış
198,üretke
199,bid'at
200,sıkıya
202,tuhafiyecilik
203,ılınma
204,kurnaz
205,leksikbirim
206,muhayyel
207,efkârlanma
208,patinaj
209,tuhaflaşma
210,kenara
211,atmak
212,müessis
213,hiddetlendirme
214,istekle
215,geçinme
216,endeksi
217,başında
218,paralansın
219,samanlı
220,gübre
221,işine
222,bak!
223,hep
224,birden
225,amirane
226,hekimbaşı
227,gıccek
228,geviş
229,getirenler
230,muflonlu
231,depremçizer
232,tımtıkız
233,göz
234,boyamacılık
235,merdiven
236,evi
237,katlandırmak
238,yelseme
239,ön
240,asya
241,çaryar
242,ana
243,baba
244,ed.
245,şap
247,yanmak
248,mitral
249,hücreler
250,coplatmak
251,emek
252,ispatlamak
253,otellere
254,hikem
255,talimhane
256,yaşınız
257,kaç?
258,esnetmek
259,eroinmanlık
260,yâd
262,olumsal
263,kasabalı
264,çocuk
265,pornografisi
266,arkasıgelmemek
267,göçeri
268,unlama
270,sanayi
271,düğürcük
272,içinde
273,yüzmek
274,şehirlileşme
275,empirik
276,eskisini
277,aratmak
278,tümörlenme
279,üründük
280,vırt
281,zırt
282,ayrınç
283,pamukçuk
284,koçsamak
286,bölüngü
287,külâh
288,kapmak
289,kindik
290,sermürettiplik
291,nemf
292,mısır
293,püskülü
295,sakalının
296,altına
297,girmek
298,değerlendirmek
299,işi
300,bozulmak
302,göğüs
303,uykusu
304,bölünmek
305,talâkıselâse
306,sığırcı
307,çift
308,parmaklılar
309,ananevi
310,tuzluçubuk
311,çıkarma
312,gemisi
313,girişimölçer
314,sıçrayarak
315,şımarmış
316,dürtüş
317,fırdöndü
318,cinsel
320,arıklatmak
321,fışkırmasınısağlamak
322,siz
323,sağ
324,olun
325,karşı
326,akın
327,eli
328,boş
329,lâtince
330,germanofil
331,semender
332,ayak
333,tutmak
334,yaza
335,çıkardık
336,danayı
337,sülûk
339,rehin
341,kaburga
342,alkım
343,kusturmak
344,balerinlik
345,frijider
346,itelemek
347,yaşagu
348,ahdetmek
349,istirahat
351,bariyer
352,kavletme
353,döneç
355,ferahlamak
356,çaprazvari
357,üst
358,ulutma
359,taahhütlü
360,bayağı
361,cilâlamak
362,dip
363,dibe
364,teharrî
365,eloğlu
366,diş
367,doktoru
368,sisli
369,yalama
370,yazı
371,addan
372,türeme
373,fiil
374,pompalanmak
375,gözünde
376,olmamak
377,verniklenmek
378,ıssızlık
379,marpuççu
380,ihtiram
381,kıt'ası
382,saman
383,sarısı
384,mal
385,bulmuş
386,mağribî
388,çuval
390,münteha
391,tripleks
392,kedi
394,görgülenme
395,kullanışlı
396,mümeyyizlik
397,ihtişam
398,orada
399,burada
400,belirme
401,zaviye
402,benzetlemek
403,averaj
404,plâseleme
405,tezgâh
406,ünlü
407,uyumu
408,iyonya
409,denizi
410,tatlımsı
411,bolalmak
412,tekellüm
413,uçsuz
414,bucaksız
415,aklına
416,geleni
417,söylemek
418,kavara